{"epoch": 5, "time": 1.493, "loss": 9.191218820741113}
{"epoch": 10, "time": 2.265, "loss": 9.330321784573195}
{"epoch": 15, "time": 1.678, "loss": 9.100707742805577}
{"epoch": 20, "time": 3.051, "loss": 8.991700710871653}
{"epoch": 25, "time": 3.23, "loss": 9.77194200108814}
{"epoch": 30, "time": 1.778, "loss": 9.527277578206212}
{"epoch": 35, "time": 1.777, "loss": 9.105246241947603}
{"epoch": 40, "time": 1.831, "loss": 9.027471408347116}
{"epoch": 45, "time": 1.984, "loss": 8.603908474666357}
{"epoch": 50, "time": 1.625, "loss": 9.343150676826442}
{"epoch": 55, "time": 2.967, "loss": 9.579039060124401}
{"epoch": 60, "time": 5.456, "loss": 9.071214774109704}
{"epoch": 65, "time": 3.064, "loss": 8.79831391520517}
{"epoch": 70, "time": 4.478, "loss": 8.671018828884256}
{"epoch": 75, "time": 2.869, "loss": 9.31451735175481}
{"epoch": 80, "time": 5.468, "loss": 8.877438767387519}
{"epoch": 85, "time": 2.704, "loss": 9.171933357782224}
{"epoch": 90, "time": 1.652, "loss": 8.709972051898417}
{"epoch": 95, "time": 1.806, "loss": 9.303628724285042}
{"epoch": 100, "time": 1.228, "loss": 9.602837928962881}
{"epoch": 5, "time": 0.872, "loss": 9.191218820741113}
{"epoch": 10, "time": 0.882, "loss": 9.330321784573195}
{"epoch": 15, "time": 0.934, "loss": 9.100707742805577}
{"epoch": 20, "time": 0.904, "loss": 8.991700710871653}
{"epoch": 25, "time": 0.986, "loss": 9.77194200108814}
{"epoch": 30, "time": 0.986, "loss": 9.527277578206212}
{"epoch": 35, "time": 0.936, "loss": 9.105246241947603}
{"epoch": 40, "time": 0.94, "loss": 9.027471408347116}
{"epoch": 45, "time": 1.071, "loss": 8.603908474666357}
{"epoch": 50, "time": 1.017, "loss": 9.343150676826442}
{"epoch": 55, "time": 0.929, "loss": 9.579039060124401}
{"epoch": 60, "time": 0.914, "loss": 9.071214774109704}
{"epoch": 65, "time": 0.959, "loss": 8.79831391520517}
{"epoch": 70, "time": 0.982, "loss": 8.671018828884256}
{"epoch": 75, "time": 1.019, "loss": 9.31451735175481}
{"epoch": 80, "time": 1.136, "loss": 8.877438767387519}
{"epoch": 85, "time": 2.945, "loss": 9.171933357782224}
{"epoch": 90, "time": 1.019, "loss": 8.709972051898417}
{"epoch": 95, "time": 1.04, "loss": 9.303628724285042}
{"epoch": 100, "time": 2.034, "loss": 9.602837928962881}
{"epoch": 5, "time": 1.034, "loss": 9.191218820741113}
{"epoch": 10, "time": 0.93, "loss": 9.330321784573195}
{"epoch": 15, "time": 1.008, "loss": 9.100707742805577}
{"epoch": 20, "time": 1.567, "loss": 8.991700710871653}
{"epoch": 25, "time": 1.109, "loss": 9.77194200108814}
{"epoch": 30, "time": 1.088, "loss": 9.527277578206212}
{"epoch": 35, "time": 2.22, "loss": 9.105246241947603}
{"epoch": 40, "time": 2.86, "loss": 9.027471408347116}
{"epoch": 45, "time": 3.448, "loss": 8.603908474666357}
{"epoch": 50, "time": 3.201, "loss": 9.343150676826442}
{"epoch": 55, "time": 4.424, "loss": 9.579039060124401}
{"epoch": 60, "time": 2.925, "loss": 9.071214774109704}
{"epoch": 65, "time": 4.913, "loss": 8.79831391520517}
{"epoch": 70, "time": 2.351, "loss": 8.671018828884256}
{"epoch": 75, "time": 2.086, "loss": 9.31451735175481}
{"epoch": 80, "time": 2.592, "loss": 8.877438767387519}
{"epoch": 85, "time": 3.74, "loss": 9.171933357782224}
{"epoch": 90, "time": 2.876, "loss": 8.709972051898417}
{"epoch": 95, "time": 4.599, "loss": 9.303628724285042}
{"epoch": 100, "time": 1.812, "loss": 9.602837928962881}
