{"epoch": 5, "time": 0.068, "loss": 9.191218820741113}
{"epoch": 10, "time": 0.09, "loss": 9.330321784573195}
{"epoch": 15, "time": 0.069, "loss": 9.100707742805577}
{"epoch": 20, "time": 0.068, "loss": 8.991700710871653}
{"epoch": 25, "time": 0.066, "loss": 9.77194200108814}
{"epoch": 30, "time": 0.07, "loss": 9.527277578206212}
{"epoch": 35, "time": 0.079, "loss": 9.105246241947603}
{"epoch": 40, "time": 0.069, "loss": 9.027471408347116}
{"epoch": 45, "time": 0.069, "loss": 8.603908474666357}
{"epoch": 50, "time": 0.097, "loss": 9.343150676826442}
{"epoch": 55, "time": 0.069, "loss": 9.579039060124401}
{"epoch": 60, "time": 0.067, "loss": 9.071214774109704}
{"epoch": 65, "time": 0.067, "loss": 8.79831391520517}
{"epoch": 70, "time": 0.068, "loss": 8.671018828884256}
{"epoch": 75, "time": 0.067, "loss": 9.31451735175481}
{"epoch": 80, "time": 0.074, "loss": 8.877438767387519}
{"epoch": 85, "time": 0.067, "loss": 9.171933357782224}
{"epoch": 90, "time": 0.076, "loss": 8.709972051898417}
{"epoch": 95, "time": 0.069, "loss": 9.303628724285042}
{"epoch": 100, "time": 0.067, "loss": 9.602837928962881}
